Workbook

Sheet 成績評価
A1: 総合得点 | B1: 自動で集計
J3: 中間 | Q3: 期末 | AA3: 90以上 | AB3: 80 - 89 | AC3: 70 - 79 | AD3: 60 - 69 | AE3: 59以下 | AF3: F
A4: numid | B4: name | C4: # 合計点 | D4: 第1回 | E4: 第2回 | F4: 第3回 | G4: 第4回 | H4: 第5回 | I4: 第6回 | J4: 第7回 | K4: 第8回 | L4: 第9回 | M4: 第10回 | N4: 第11回 | O4: 第12回 | P4: 第13回 | Q4: 第14回 | R4: 課題合計 | S4: 課題/30 | T4: 中間/30 | U4: 期末/40 | V4: 評価点 | W4: 評価 | X4: Eの人数 | AA4: S | AB4: A | AC4: B | AD4: C | AE4: E
A5: # 学籍番号 | B5: # 氏名 | C5: # 合計点 | D5: 25 | E5: 25 | F5: 25 | G5: 25 | H5: 25 | I5: 25 | J5: 100 | K5: 25 | L5: 25 | M5: 25 | N5: 25 | O5: 25 | P5: 25 | Q5: 100 | R5: =SUM(D5:I5)+SUM(K5:P5) -> 300 | S5: 30 | T5: 30 | U5: 40 | V5: =S5+T5+U5 -> 100
A6: 99D5100001A | B6: 範馬 刃牙 | C6: =SUM(D6:Q6) -> 0 | D6: =SUM(第1回!C6) -> 0 | E6: =SUM(第2回!C6) -> 0 | F6: =SUM(第3回!C6) -> 0 | G6: =SUM(第4回!C6) -> 0 | H6: =SUM(第5回!C6) -> 0 | I6: =SUM(第6回!C6) -> 0 | J6: =SUM(第7回＿中間!C6) -> 0 | K6: =SUM(第8回!C6) -> 0 | L6: =SUM(第9回!C6) -> 0 | M6: =SUM(第10回!C6) -> 0 | N6: =SUM(第11回!C6) -> 0 | O6: =SUM(第12回!C6) -> 0 | P6: =SUM(第13回!C6) -> 0 | Q6: =SUM(第14回＿期末!C6) -> 0 | R6: =SUM(D6:I6)+SUM(K6:P6) -> 0 | S6: =ROUNDUP(R6*S$5/$R$5,0) -> 0 | T6: =ROUNDUP(J6*$T$5/$J$5,0) -> 0 | U6: =ROUNDUP(Q6*$U$5/$Q$5,0) -> 0 | V6: =S6+T6+U6 -> 0 | W6: =_xlfn.IFNA(VLOOKUP(ROUNDDOWN(V6/10,0),$AA$14:$AB$18,2,FALSE),"E") -> E | X6: =COUNTIF(W6:W158,"E") -> 10
A7: 99D5100002B | B7: 範馬 勇次郎 | C7: =SUM(D7:Q7) -> 0 | D7: =SUM(第1回!C7) -> 0 | E7: =SUM(第2回!C7) -> 0 | F7: =SUM(第3回!C7) -> 0 | G7: =SUM(第4回!C7) -> 0 | H7: =SUM(第5回!C7) -> 0 | I7: =SUM(第6回!C7) -> 0 | J7: =SUM(第7回＿中間!C7) -> 0 | K7: =SUM(第8回!C7) -> 0 | L7: =SUM(第9回!C7) -> 0 | M7: =SUM(第10回!C7) -> 0 | N7: =SUM(第11回!C7) -> 0 | O7: =SUM(第12回!C7) -> 0 | P7: =SUM(第13回!C7) -> 0 | Q7: =SUM(第14回＿期末!C7) -> 0 | R7: =SUM(D7:I7)+SUM(K7:P7) -> 0 | S7: =ROUNDUP(R7*S$5/$R$5,0) -> 0 | T7: =ROUNDUP(J7*$T$5/$J$5,0) -> 0 | U7: =ROUNDUP(Q7*$U$5/$Q$5,0) -> 0 | V7: =S7+T7+U7 -> 0 | W7: =_xlfn.IFNA(VLOOKUP(ROUNDDOWN(V7/10,0),$AA$14:$AB$18,2,FALSE),"E") -> E
A8: 99D5100003C | B8: 愚地 独歩 | C8: =SUM(D8:Q8) -> 0 | D8: =SUM(第1回!C8) -> 0 | E8: =SUM(第2回!C8) -> 0 | F8: =SUM(第3回!C8) -> 0 | G8: =SUM(第4回!C8) -> 0 | H8: =SUM(第5回!C8) -> 0 | I8: =SUM(第6回!C8) -> 0 | J8: =SUM(第7回＿中間!C8) -> 0 | K8: =SUM(第8回!C8) -> 0 | L8: =SUM(第9回!C8) -> 0 | M8: =SUM(第10回!C8) -> 0 | N8: =SUM(第11回!C8) -> 0 | O8: =SUM(第12回!C8) -> 0 | P8: =SUM(第13回!C8) -> 0 | Q8: =SUM(第14回＿期末!C8) -> 0 | R8: =SUM(D8:I8)+SUM(K8:P8) -> 0 | S8: =ROUNDUP(R8*S$5/$R$5,0) -> 0 | T8: =ROUNDUP(J8*$T$5/$J$5,0) -> 0 | U8: =ROUNDUP(Q8*$U$5/$Q$5,0) -> 0 | V8: =S8+T8+U8 -> 0 | W8: =_xlfn.IFNA(VLOOKUP(ROUNDDOWN(V8/10,0),$AA$14:$AB$18,2,FALSE),"E") -> E
A9: 99D5100004D | B9: 花山 薫 | C9: =SUM(D9:Q9) -> 0 | D9: =SUM(第1回!C9) -> 0 | E9: =SUM(第2回!C9) -> 0 | F9: =SUM(第3回!C9) -> 0 | G9: =SUM(第4回!C9) -> 0 | H9: =SUM(第5回!C9) -> 0 | I9: =SUM(第6回!C9) -> 0 | J9: =SUM(第7回＿中間!C9) -> 0 | K9: =SUM(第8回!C9) -> 0 | L9: =SUM(第9回!C9) -> 0 | M9: =SUM(第10回!C9) -> 0 | N9: =SUM(第11回!C9) -> 0 | O9: =SUM(第12回!C9) -> 0 | P9: =SUM(第13回!C9) -> 0 | Q9: =SUM(第14回＿期末!C9) -> 0 | R9: =SUM(D9:I9)+SUM(K9:P9) -> 0 | S9: =ROUNDUP(R9*S$5/$R$5,0) -> 0 | T9: =ROUNDUP(J9*$T$5/$J$5,0) -> 0 | U9: =ROUNDUP(Q9*$U$5/$Q$5,0) -> 0 | V9: =S9+T9+U9 -> 0 | W9: =_xlfn.IFNA(VLOOKUP(ROUNDDOWN(V9/10,0),$AA$14:$AB$18,2,FALSE),"E") -> E
A10: 99D5100005E | B10: 烈 海王 | C10: =SUM(D10:Q10) -> 0 | D10: =SUM(第1回!C10) -> 0 | E10: =SUM(第2回!C10) -> 0 | F10: =SUM(第3回!C10) -> 0 | G10: =SUM(第4回!C10) -> 0 | H10: =SUM(第5回!C10) -> 0 | I10: =SUM(第6回!C10) -> 0 | J10: =SUM(第7回＿中間!C10) -> 0 | K10: =SUM(第8回!C10) -> 0 | L10: =SUM(第9回!C10) -> 0 | M10: =SUM(第10回!C10) -> 0 | N10: =SUM(第11回!C10) -> 0 | O10: =SUM(第12回!C10) -> 0 | P10: =SUM(第13回!C10) -> 0 | Q10: =SUM(第14回＿期末!C10) -> 0 | R10: =SUM(D10:I10)+SUM(K10:P10) -> 0 | S10: =ROUNDUP(R10*S$5/$R$5,0) -> 0 | T10: =ROUNDUP(J10*$T$5/$J$5,0) -> 0 | U10: =ROUNDUP(Q10*$U$5/$Q$5,0) -> 0 | V10: =S10+T10+U10 -> 0 | W10: =_xlfn.IFNA(VLOOKUP(ROUNDDOWN(V10/10,0),$AA$14:$AB$18,2,FALSE),"E") -> E
A11: 99D5100006F | B11: Jack Hammer | C11: =SUM(D11:Q11) -> 0 | D11: =SUM(第1回!C11) -> 0 | E11: =SUM(第2回!C11) -> 0 | F11: =SUM(第3回!C11) -> 0 | G11: =SUM(第4回!C11) -> 0 | H11: =SUM(第5回!C11) -> 0 | I11: =SUM(第6回!C11) -> 0 | J11: =SUM(第7回＿中間!C11) -> 0 | K11: =SUM(第8回!C11) -> 0 | L11: =SUM(第9回!C11) -> 0 | M11: =SUM(第10回!C11) -> 0 | N11: =SUM(第11回!C11) -> 0 | O11: =SUM(第12回!C11) -> 0 | P11: =SUM(第13回!C11) -> 0 | Q11: =SUM(第14回＿期末!C11) -> 0 | R11: =SUM(D11:I11)+SUM(K11:P11) -> 0 | S11: =ROUNDUP(R11*S$5/$R$5,0) -> 0 | T11: =ROUNDUP(J11*$T$5/$J$5,0) -> 0 | U11: =ROUNDUP(Q11*$U$5/$Q$5,0) -> 0 | V11: =S11+T11+U11 -> 0 | W11: =_xlfn.IFNA(VLOOKUP(ROUNDDOWN(V11/10,0),$AA$14:$AB$18,2,FALSE),"E") -> E
A12: 99D5100007G | B12: 渋川 剛気 | C12: =SUM(D12:Q12) -> 0 | D12: =SUM(第1回!C12) -> 0 | E12: =SUM(第2回!C12) -> 0 | F12: =SUM(第3回!C12) -> 0 | G12: =SUM(第4回!C12) -> 0 | H12: =SUM(第5回!C12) -> 0 | I12: =SUM(第6回!C12) -> 0 | J12: =SUM(第7回＿中間!C12) -> 0 | K12: =SUM(第8回!C12) -> 0 | L12: =SUM(第9回!C12) -> 0 | M12: =SUM(第10回!C12) -> 0 | N12: =SUM(第11回!C12) -> 0 | O12: =SUM(第12回!C12) -> 0 | P12: =SUM(第13回!C12) -> 0 | Q12: =SUM(第14回＿期末!C12) -> 0 | R12: =SUM(D12:I12)+SUM(K12:P12) -> 0 | S12: =ROUNDUP(R12*S$5/$R$5,0) -> 0 | T12: =ROUNDUP(J12*$T$5/$J$5,0) -> 0 | U12: =ROUNDUP(Q12*$U$5/$Q$5,0) -> 0 | V12: =S12+T12+U12 -> 0 | W12: =_xlfn.IFNA(VLOOKUP(ROUNDDOWN(V12/10,0),$AA$14:$AB$18,2,FALSE),"E") -> E
A13: 99D5100008H | B13: 愚地 克巳 | C13: =SUM(D13:Q13) -> 0 | D13: =SUM(第1回!C13) -> 0 | E13: =SUM(第2回!C13) -> 0 | F13: =SUM(第3回!C13) -> 0 | G13: =SUM(第4回!C13) -> 0 | H13: =SUM(第5回!C13) -> 0 | I13: =SUM(第6回!C13) -> 0 | J13: =SUM(第7回＿中間!C13) -> 0 | K13: =SUM(第8回!C13) -> 0 | L13: =SUM(第9回!C13) -> 0 | M13: =SUM(第10回!C13) -> 0 | N13: =SUM(第11回!C13) -> 0 | O13: =SUM(第12回!C13) -> 0 | P13: =SUM(第13回!C13) -> 0 | Q13: =SUM(第14回＿期末!C13) -> 0 | R13: =SUM(D13:I13)+SUM(K13:P13) -> 0 | S13: =ROUNDUP(R13*S$5/$R$5,0) -> 0 | T13: =ROUNDUP(J13*$T$5/$J$5,0) -> 0 | U13: =ROUNDUP(Q13*$U$5/$Q$5,0) -> 0 | V13: =S13+T13+U13 -> 0 | W13: =_xlfn.IFNA(VLOOKUP(ROUNDDOWN(V13/10,0),$AA$14:$AB$18,2,FALSE),"E") -> E
A14: 99D5100009I | B14: Biscuit Oliva | C14: =SUM(D14:Q14) -> 0 | D14: =SUM(第1回!C14) -> 0 | E14: =SUM(第2回!C14) -> 0 | F14: =SUM(第3回!C14) -> 0 | G14: =SUM(第4回!C14) -> 0 | H14: =SUM(第5回!C14) -> 0 | I14: =SUM(第6回!C14) -> 0 | J14: =SUM(第7回＿中間!C14) -> 0 | K14: =SUM(第8回!C14) -> 0 | L14: =SUM(第9回!C14) -> 0 | M14: =SUM(第10回!C14) -> 0 | N14: =SUM(第11回!C14) -> 0 | O14: =SUM(第12回!C14) -> 0 | P14: =SUM(第13回!C14) -> 0 | Q14: =SUM(第14回＿期末!C14) -> 0 | R14: =SUM(D14:I14)+SUM(K14:P14) -> 0 | S14: =ROUNDUP(R14*S$5/$R$5,0) -> 0 | T14: =ROUNDUP(J14*$T$5/$J$5,0) -> 0 | U14: =ROUNDUP(Q14*$U$5/$Q$5,0) -> 0 | V14: =S14+T14+U14 -> 0 | W14: =_xlfn.IFNA(VLOOKUP(ROUNDDOWN(V14/10,0),$AA$14:$AB$18,2,FALSE),"E") -> E | AA14: 10 | AB14: S
A15: 99D5100010J | B15: 本部 以蔵 | C15: =SUM(D15:Q15) -> 0 | D15: =SUM(第1回!C15) -> 0 | E15: =SUM(第2回!C15) -> 0 | F15: =SUM(第3回!C15) -> 0 | G15: =SUM(第4回!C15) -> 0 | H15: =SUM(第5回!C15) -> 0 | I15: =SUM(第6回!C15) -> 0 | J15: =SUM(第7回＿中間!C15) -> 0 | K15: =SUM(第8回!C15) -> 0 | L15: =SUM(第9回!C15) -> 0 | M15: =SUM(第10回!C15) -> 0 | N15: =SUM(第11回!C15) -> 0 | O15: =SUM(第12回!C15) -> 0 | P15: =SUM(第13回!C15) -> 0 | Q15: =SUM(第14回＿期末!C15) -> 0 | R15: =SUM(D15:I15)+SUM(K15:P15) -> 0 | S15: =ROUNDUP(R15*S$5/$R$5,0) -> 0 | T15: =ROUNDUP(J15*$T$5/$J$5,0) -> 0 | U15: =ROUNDUP(Q15*$U$5/$Q$5,0) -> 0 | V15: =S15+T15+U15 -> 0 | W15: =_xlfn.IFNA(VLOOKUP(ROUNDDOWN(V15/10,0),$AA$14:$AB$18,2,FALSE),"E") -> E | AA15: 9 | AB15: S
AA16: 8 | AB16: A
AA17: 7 | AB17: B
AA18: 6 | AB18: C
AE148: =SUM(AE6:AE147) -> 0 | AF148: =SUM(AF6:AF147) -> 0

Sheet 第1回
A1: 第1回
A4: numid | B4: name
A5: # 学籍番号 | B5: # 氏名 | C5: # 合計点 | D5: 問1 | E5: 問2 | F5: 問3 | G5: 問4 | H5: 問5 | I5: 問6 | J5: 問7 | K5: 問8
A6: 99D5100001A | B6: 範馬 刃牙
A7: 99D5100002B | B7: 範馬 勇次郎
A8: 99D5100003C | B8: 愚地 独歩
A9: 99D5100004D | B9: 花山 薫
A10: 99D5100005E | B10: 烈 海王
A11: 99D5100006F | B11: Jack Hammer
A12: 99D5100007G | B12: 渋川 剛気
A13: 99D5100008H | B13: 愚地 克巳
A14: 99D5100009I | B14: Biscuit Oliva
A15: 99D5100010J | B15: 本部 以蔵

Sheet 第2回
A1: 第2回
A4: numid | B4: name
A5: # 学籍番号 | B5: # 氏名 | C5: # 合計点 | D5: 問1 | E5: 問2 | F5: 問3 | G5: 問4 | H5: 問5 | I5: 問6 | J5: 問7 | K5: 問8
A6: 99D5100001A | B6: 範馬 刃牙
A7: 99D5100002B | B7: 範馬 勇次郎
A8: 99D5100003C | B8: 愚地 独歩
A9: 99D5100004D | B9: 花山 薫
A10: 99D5100005E | B10: 烈 海王
A11: 99D5100006F | B11: Jack Hammer
A12: 99D5100007G | B12: 渋川 剛気
A13: 99D5100008H | B13: 愚地 克巳
A14: 99D5100009I | B14: Biscuit Oliva
A15: 99D5100010J | B15: 本部 以蔵

Sheet 第3回
A1: 第3回
A4: numid | B4: name
A5: # 学籍番号 | B5: # 氏名 | C5: # 合計点 | D5: 問1 | E5: 問2 | F5: 問3 | G5: 問4 | H5: 問5 | I5: 問6 | J5: 問7 | K5: 問8
A6: 99D5100001A | B6: 範馬 刃牙
A7: 99D5100002B | B7: 範馬 勇次郎
A8: 99D5100003C | B8: 愚地 独歩
A9: 99D5100004D | B9: 花山 薫
A10: 99D5100005E | B10: 烈 海王
A11: 99D5100006F | B11: Jack Hammer
A12: 99D5100007G | B12: 渋川 剛気
A13: 99D5100008H | B13: 愚地 克巳
A14: 99D5100009I | B14: Biscuit Oliva
A15: 99D5100010J | B15: 本部 以蔵

Sheet 第4回
A1: 第4回
A4: numid | B4: name
A5: # 学籍番号 | B5: # 氏名 | C5: # 合計点 | D5: 問1 | E5: 問2 | F5: 問3 | G5: 問4 | H5: 問5 | I5: 問6 | J5: 問7 | K5: 問8
A6: 99D5100001A | B6: 範馬 刃牙
A7: 99D5100002B | B7: 範馬 勇次郎
A8: 99D5100003C | B8: 愚地 独歩
A9: 99D5100004D | B9: 花山 薫
A10: 99D5100005E | B10: 烈 海王
A11: 99D5100006F | B11: Jack Hammer
A12: 99D5100007G | B12: 渋川 剛気
A13: 99D5100008H | B13: 愚地 克巳
A14: 99D5100009I | B14: Biscuit Oliva
A15: 99D5100010J | B15: 本部 以蔵

Sheet 第5回
A1: 第5回
A4: numid | B4: name
A5: # 学籍番号 | B5: # 氏名 | C5: # 合計点 | D5: 問1 | E5: 問2 | F5: 問3 | G5: 問4 | H5: 問5 | I5: 問6 | J5: 問7 | K5: 問8
A6: 99D5100001A | B6: 範馬 刃牙
A7: 99D5100002B | B7: 範馬 勇次郎
A8: 99D5100003C | B8: 愚地 独歩
A9: 99D5100004D | B9: 花山 薫
A10: 99D5100005E | B10: 烈 海王
A11: 99D5100006F | B11: Jack Hammer
A12: 99D5100007G | B12: 渋川 剛気
A13: 99D5100008H | B13: 愚地 克巳
A14: 99D5100009I | B14: Biscuit Oliva
A15: 99D5100010J | B15: 本部 以蔵

Sheet 第6回
A1: 第6回
A4: numid | B4: name
A5: # 学籍番号 | B5: # 氏名 | C5: # 合計点 | D5: 問1 | E5: 問2 | F5: 問3 | G5: 問4 | H5: 問5 | I5: 問6 | J5: 問7 | K5: 問8
A6: 99D5100001A | B6: 範馬 刃牙
A7: 99D5100002B | B7: 範馬 勇次郎
A8: 99D5100003C | B8: 愚地 独歩
A9: 99D5100004D | B9: 花山 薫
A10: 99D5100005E | B10: 烈 海王
A11: 99D5100006F | B11: Jack Hammer
A12: 99D5100007G | B12: 渋川 剛気
A13: 99D5100008H | B13: 愚地 克巳
A14: 99D5100009I | B14: Biscuit Oliva
A15: 99D5100010J | B15: 本部 以蔵

Sheet 第7回＿中間
A1: 第7回
A4: numid | B4: name | D4: 40 | E4: 25 | F4: 25 | G4: 10
A5: # 学籍番号 | B5: # 氏名 | C5: # 合計点 | D5: 問1 | E5: 問2 | F5: 問3 | G5: 問4 | H5: 問5 | I5: 問6 | J5: 問7 | K5: 問8
A6: 99D5100001A | B6: 範馬 刃牙
A7: 99D5100002B | B7: 範馬 勇次郎
A8: 99D5100003C | B8: 愚地 独歩
A9: 99D5100004D | B9: 花山 薫
A10: 99D5100005E | B10: 烈 海王
A11: 99D5100006F | B11: Jack Hammer
A12: 99D5100007G | B12: 渋川 剛気
A13: 99D5100008H | B13: 愚地 克巳
A14: 99D5100009I | B14: Biscuit Oliva
A15: 99D5100010J | B15: 本部 以蔵
D161: =ROUNDUP(AVERAGE(D5:D160),1) -> #DIV/0! | E161: =ROUNDUP(AVERAGE(E5:E160),1) -> #DIV/0! | F161: =ROUNDUP(AVERAGE(F5:F160),1) -> #DIV/0! | G161: =ROUNDUP(AVERAGE(G5:G160),1) -> #DIV/0!

Sheet 第8回
A1: 第8回
A4: numid | B4: name
A5: # 学籍番号 | B5: # 氏名 | C5: # 合計点 | D5: 問1 | E5: 問2 | F5: 問3 | G5: 問4 | H5: 問5 | I5: 問6 | J5: 問7 | K5: 問8
A6: 99D5100001A | B6: 範馬 刃牙
A7: 99D5100002B | B7: 範馬 勇次郎
A8: 99D5100003C | B8: 愚地 独歩
A9: 99D5100004D | B9: 花山 薫
A10: 99D5100005E | B10: 烈 海王
A11: 99D5100006F | B11: Jack Hammer
A12: 99D5100007G | B12: 渋川 剛気
A13: 99D5100008H | B13: 愚地 克巳
A14: 99D5100009I | B14: Biscuit Oliva
A15: 99D5100010J | B15: 本部 以蔵

Sheet 第9回
A1: 第9回
A4: numid | B4: name
A5: # 学籍番号 | B5: # 氏名 | C5: # 合計点 | D5: 問1 | E5: 問2 | F5: 問3 | G5: 問4 | H5: 問5 | I5: 問6 | J5: 問7 | K5: 問8
A6: 99D5100001A | B6: 範馬 刃牙
A7: 99D5100002B | B7: 範馬 勇次郎
A8: 99D5100003C | B8: 愚地 独歩
A9: 99D5100004D | B9: 花山 薫
A10: 99D5100005E | B10: 烈 海王
A11: 99D5100006F | B11: Jack Hammer
A12: 99D5100007G | B12: 渋川 剛気
A13: 99D5100008H | B13: 愚地 克巳
A14: 99D5100009I | B14: Biscuit Oliva
A15: 99D5100010J | B15: 本部 以蔵

Sheet 第10回
A1: 第10回
A4: numid | B4: name
A5: # 学籍番号 | B5: # 氏名 | C5: # 合計点 | D5: 問1 | E5: 問2 | F5: 問3 | G5: 問4 | H5: 問5 | I5: 問6 | J5: 問7 | K5: 問8
A6: 99D5100001A | B6: 範馬 刃牙
A7: 99D5100002B | B7: 範馬 勇次郎
A8: 99D5100003C | B8: 愚地 独歩
A9: 99D5100004D | B9: 花山 薫
A10: 99D5100005E | B10: 烈 海王
A11: 99D5100006F | B11: Jack Hammer
A12: 99D5100007G | B12: 渋川 剛気
A13: 99D5100008H | B13: 愚地 克巳
A14: 99D5100009I | B14: Biscuit Oliva
A15: 99D5100010J | B15: 本部 以蔵

Sheet 第11回
A1: 第11回
A4: numid | B4: name
A5: # 学籍番号 | B5: # 氏名 | C5: # 合計点 | D5: 問1 | E5: 問2 | F5: 問3 | G5: 問4 | H5: 問5 | I5: 問6 | J5: 問7 | K5: 問8
A6: 99D5100001A | B6: 範馬 刃牙
A7: 99D5100002B | B7: 範馬 勇次郎
A8: 99D5100003C | B8: 愚地 独歩
A9: 99D5100004D | B9: 花山 薫
A10: 99D5100005E | B10: 烈 海王
A11: 99D5100006F | B11: Jack Hammer
A12: 99D5100007G | B12: 渋川 剛気
A13: 99D5100008H | B13: 愚地 克巳
A14: 99D5100009I | B14: Biscuit Oliva
A15: 99D5100010J | B15: 本部 以蔵

Sheet 第12回
A1: 第12回
A4: numid | B4: name
A5: # 学籍番号 | B5: # 氏名 | C5: # 合計点 | D5: 問1 | E5: 問2 | F5: 問3 | G5: 問4 | H5: 問5 | I5: 問6 | J5: 問7 | K5: 問8
A6: 99D5100001A | B6: 範馬 刃牙
A7: 99D5100002B | B7: 範馬 勇次郎
A8: 99D5100003C | B8: 愚地 独歩
A9: 99D5100004D | B9: 花山 薫
A10: 99D5100005E | B10: 烈 海王
A11: 99D5100006F | B11: Jack Hammer
A12: 99D5100007G | B12: 渋川 剛気
A13: 99D5100008H | B13: 愚地 克巳
A14: 99D5100009I | B14: Biscuit Oliva
A15: 99D5100010J | B15: 本部 以蔵

Sheet 第13回
A1: 第13回
A4: numid | B4: name
A5: # 学籍番号 | B5: # 氏名 | C5: # 合計点 | D5: 問1 | E5: 問2 | F5: 問3 | G5: 問4 | H5: 問5 | I5: 問6 | J5: 問7 | K5: 問8
A6: 99D5100001A | B6: 範馬 刃牙
A7: 99D5100002B | B7: 範馬 勇次郎
A8: 99D5100003C | B8: 愚地 独歩
A9: 99D5100004D | B9: 花山 薫
A10: 99D5100005E | B10: 烈 海王
A11: 99D5100006F | B11: Jack Hammer
A12: 99D5100007G | B12: 渋川 剛気
A13: 99D5100008H | B13: 愚地 克巳
A14: 99D5100009I | B14: Biscuit Oliva
A15: 99D5100010J | B15: 本部 以蔵

Sheet 第14回＿期末
A1: 第14回
A4: numid | B4: name | D4: 35 | E4: 35 | F4: 15 | G4: 15
A5: # 学籍番号 | B5: # 氏名 | C5: # 合計点 | D5: 問1 | E5: 問2 | F5: 問3 | G5: 問4 | H5: 問5 | I5: 問6 | J5: 問7 | K5: 問8
A6: 99D5100001A | B6: 範馬 刃牙
A7: 99D5100002B | B7: 範馬 勇次郎
A8: 99D5100003C | B8: 愚地 独歩
A9: 99D5100004D | B9: 花山 薫
A10: 99D5100005E | B10: 烈 海王
A11: 99D5100006F | B11: Jack Hammer
A12: 99D5100007G | B12: 渋川 剛気
A13: 99D5100008H | B13: 愚地 克巳
A14: 99D5100009I | B14: Biscuit Oliva
A15: 99D5100010J | B15: 本部 以蔵
D161: =ROUND(AVERAGE(D6:D160),1) -> #DIV/0! | E161: =ROUND(AVERAGE(E6:E160),1) -> #DIV/0! | F161: =ROUND(AVERAGE(F6:F160),1) -> #DIV/0! | G161: =ROUND(AVERAGE(G6:G160),1) -> #DIV/0!
